{
  "pitch": {
      "0.6": {
        "ratio": 0.2813333333333333,
        "pitch": -29.498671264361214
      },
      "1": {
        "ratio": 0.8093333333333333,
        "pitch": 10.572250345983662
      },
      "1.5": {
        "ratio": 0.648,
        "pitch": 0.2179884603411466
      },
      "2": {
        "ratio": 0.4026666666666667,
        "pitch": -8.571987506650643
      }
    },

  "heading": {
    "0.6": {
      "ratio": 0.6908602150537635,
      "heading": 316.56859886678905
    },
    "1": {
      "ratio": 0.24260752688172044,
      "heading": 20.037634488186843
    },
    "1.5": {
      "ratio": 0.3010752688172043,
      "heading": 9.149484648070768
    },
    "2": {
      "ratio": 0.7110215053763441,
      "heading": 341.95387467646003
    }
  },

  "size":{
    "0.6": {
      "x": 220,
      "y": 110
    },
    "1": {
      "x": 250,
      "y": 100
    },
    "1.5": {
      "x": 420,
      "y": 200
    },
    "2": {
      "x": 560,
      "y": 260
    }
  }
}
